augment,seed,map,mode,augmented,winner,ticks,ships,nodes_p1,nodes_p2
g-campo,1000,sector-01,complete,p1,p1,8149,42,8,4
g-campo,1000,sector-01,complete,p2,p1,8259,48,7,5
g-campo,1001,sector-01,skirmish,p1,p2,3477,44,6,6
g-campo,1001,sector-01,skirmish,p2,p2,3495,45,5,7
g-campo,1002,espiral,complete,p1,p1,8418,48,8,6
g-campo,1002,espiral,complete,p2,p1,8419,47,7,7
g-campo,1003,espiral,skirmish,p1,p1,3829,47,6,7
g-campo,1003,espiral,skirmish,p2,p2,4135,47,6,7
g-campo,1004,sector-01,complete,p1,p1,8149,42,8,4
g-campo,1004,sector-01,complete,p2,p1,8259,48,7,5
g-campo,1005,sector-01,skirmish,p1,p2,3605,42,5,7
g-campo,1005,sector-01,skirmish,p2,p2,4800,39,5,7
g-campo,1006,espiral,complete,p1,p1,8407,48,8,6
g-campo,1006,espiral,complete,p2,p1,8356,47,7,7
g-campo,1007,espiral,skirmish,p1,p2,3729,46,5,8
g-campo,1007,espiral,skirmish,p2,p1,4529,48,6,7
g-campo,1008,sector-01,complete,p1,p1,8286,34,7,5
g-campo,1008,sector-01,complete,p2,p1,8142,32,8,4
g-campo,1009,sector-01,skirmish,p1,p1,4082,41,8,4
g-campo,1009,sector-01,skirmish,p2,p1,4787,47,8,4
g-campo,1010,espiral,complete,p1,p1,8755,47,7,7
g-campo,1010,espiral,complete,p2,p1,8288,48,7,7
g-campo,1011,espiral,skirmish,p1,p2,3661,48,6,7
g-campo,1011,espiral,skirmish,p2,p2,3889,46,6,7
g-campo,1012,sector-01,complete,p1,p2,8377,48,5,7
g-campo,1012,sector-01,complete,p2,p2,9531,42,4,8
g-campo,1013,sector-01,skirmish,p1,p2,3823,41,4,8
g-campo,1013,sector-01,skirmish,p2,p2,4800,48,5,7
g-campo,1014,espiral,complete,p1,p1,8445,48,6,7
g-campo,1014,espiral,complete,p2,p1,8666,47,6,7
g-campo,1015,espiral,skirmish,p1,p2,3737,48,5,7
g-campo,1015,espiral,skirmish,p2,p1,3622,47,5,8
g-campo,1016,sector-01,complete,p1,p1,8330,42,7,5
g-campo,1016,sector-01,complete,p2,p1,8271,48,6,6
g-campo,1017,sector-01,skirmish,p1,p1,3482,48,9,3
g-campo,1017,sector-01,skirmish,p2,p2,3698,44,8,4
g-campo,1018,espiral,complete,p1,p1,9739,47,7,7
g-campo,1018,espiral,complete,p2,p2,8761,48,6,8
g-campo,1019,espiral,skirmish,p1,p1,3847,47,8,5
g-campo,1019,espiral,skirmish,p2,p1,3659,48,7,5
g-campo,1020,sector-01,complete,p1,p1,8149,42,8,4
g-campo,1020,sector-01,complete,p2,p1,8259,48,7,5
g-campo,1021,sector-01,skirmish,p1,p2,3547,39,4,7
g-campo,1021,sector-01,skirmish,p2,p2,3561,40,4,7
g-campo,1022,espiral,complete,p1,p2,8192,47,6,8
g-campo,1022,espiral,complete,p2,p2,8443,48,5,9
g-campo,1023,espiral,skirmish,p1,p2,4387,48,5,6
g-campo,1023,espiral,skirmish,p2,p2,3833,47,5,6
g-campo,1024,sector-01,complete,p1,p2,12016,48,5,7
g-campo,1024,sector-01,complete,p2,p2,8159,27,2,9
g-campo,1025,sector-01,skirmish,p1,p2,3490,48,4,8
g-campo,1025,sector-01,skirmish,p2,p2,4375,46,3,9
g-campo,1026,espiral,complete,p1,p2,8227,46,4,10
g-campo,1026,espiral,complete,p2,p2,8715,38,4,10
g-campo,1027,espiral,skirmish,p1,p2,3777,48,4,6
g-campo,1027,espiral,skirmish,p2,p1,3564,47,5,6
g-campo,1028,sector-01,complete,p1,p1,8461,46,7,5
g-campo,1028,sector-01,complete,p2,p1,9509,48,6,6
g-campo,1029,sector-01,skirmish,p1,p2,3490,48,4,8
g-campo,1029,sector-01,skirmish,p2,p2,4375,46,3,9
g-campo,1030,espiral,complete,p1,p1,8593,48,6,8
g-campo,1030,espiral,complete,p2,p1,8273,47,5,9
g-campo,1031,espiral,skirmish,p1,p1,4800,48,7,7
g-campo,1031,espiral,skirmish,p2,p2,3700,48,7,7
g-campo,1032,sector-01,complete,p1,p1,9818,46,8,4
g-campo,1032,sector-01,complete,p2,p1,8272,29,6,5
g-campo,1033,sector-01,skirmish,p1,p1,3482,48,9,3
g-campo,1033,sector-01,skirmish,p2,p2,3698,44,8,4
g-campo,1034,espiral,complete,p1,p2,8413,47,7,7
g-campo,1034,espiral,complete,p2,p2,9055,46,8,6
g-campo,1035,espiral,skirmish,p1,p2,4095,48,6,8
g-campo,1035,espiral,skirmish,p2,p2,3849,48,7,7
g-campo,1036,sector-01,complete,p1,p2,8860,30,4,6
g-campo,1036,sector-01,complete,p2,p2,11491,48,6,6
g-campo,1037,sector-01,skirmish,p1,p2,3536,47,4,6
g-campo,1037,sector-01,skirmish,p2,p2,4385,48,6,5
g-campo,1038,espiral,complete,p1,p2,10423,48,9,5
g-campo,1038,espiral,complete,p2,p2,10103,48,9,5
g-campo,1039,espiral,skirmish,p1,p1,3961,47,8,5
g-campo,1039,espiral,skirmish,p2,p2,3678,48,8,5
g-campo,1040,sector-01,complete,p1,p2,12000,48,5,7
g-campo,1040,sector-01,complete,p2,p1,8395,27,10,2
g-campo,1041,sector-01,skirmish,p1,p1,3800,48,5,7
g-campo,1041,sector-01,skirmish,p2,p1,3481,48,9,3
g-campo,1042,espiral,complete,p1,p2,8525,48,5,9
g-campo,1042,espiral,complete,p2,p1,9285,47,6,8
g-campo,1043,espiral,skirmish,p1,p2,3777,47,4,8
g-campo,1043,espiral,skirmish,p2,p2,3943,48,4,8
g-campo,1044,sector-01,complete,p1,p1,9689,41,6,6
g-campo,1044,sector-01,complete,p2,p2,8515,28,4,8
g-campo,1045,sector-01,skirmish,p1,p1,3616,48,7,5
g-campo,1045,sector-01,skirmish,p2,p1,4375,47,5,6
g-campo,1046,espiral,complete,p1,p1,8186,47,6,8
g-campo,1046,espiral,complete,p2,p1,8881,47,4,10
g-campo,1047,espiral,skirmish,p1,p1,3681,48,8,6
g-campo,1047,espiral,skirmish,p2,p1,3825,47,8,6
g-campo,1048,sector-01,complete,p1,p2,12000,48,5,7
g-campo,1048,sector-01,complete,p2,p1,8395,27,10,2
g-campo,1049,sector-01,skirmish,p1,p2,3823,41,4,8
g-campo,1049,sector-01,skirmish,p2,p2,4800,48,5,7
g-campo,1050,espiral,complete,p1,p1,8304,48,6,8
g-campo,1050,espiral,complete,p2,p2,8619,48,6,8
g-campo,1051,espiral,skirmish,p1,p2,3789,48,4,8
g-campo,1051,espiral,skirmish,p2,p2,3833,48,5,7
g-campo,1052,sector-01,complete,p1,p2,8377,48,5,7
g-campo,1052,sector-01,complete,p2,p2,9531,42,4,8
g-campo,1053,sector-01,skirmish,p1,p1,3521,42,7,5
g-campo,1053,sector-01,skirmish,p2,p1,4800,46,6,6
g-campo,1054,espiral,complete,p1,p1,9262,48,7,6
g-campo,1054,espiral,complete,p2,p1,8395,48,10,3
g-campo,1055,espiral,skirmish,p1,p2,3665,48,6,6
g-campo,1055,espiral,skirmish,p2,p2,4439,48,6,6
g-campo,1056,sector-01,complete,p1,p2,8377,48,5,7
g-campo,1056,sector-01,complete,p2,p2,9531,42,4,8
g-campo,1057,sector-01,skirmish,p1,p2,3536,47,4,6
g-campo,1057,sector-01,skirmish,p2,p2,4385,48,6,5
g-campo,1058,espiral,complete,p1,p2,8393,48,7,7
g-campo,1058,espiral,complete,p2,p1,10427,48,8,6
g-campo,1059,espiral,skirmish,p1,p2,3678,46,8,6
g-campo,1059,espiral,skirmish,p2,p2,4151,47,8,6
g-campo,1060,sector-01,complete,p1,p1,8157,28,10,1
g-campo,1060,sector-01,complete,p2,p1,8221,31,8,4
g-campo,1061,sector-01,skirmish,p1,p1,3543,45,10,1
g-campo,1061,sector-01,skirmish,p2,p1,3521,41,8,3
g-campo,1062,espiral,complete,p1,p2,8499,48,7,7
g-campo,1062,espiral,complete,p2,p2,8937,47,5,9
g-campo,1063,espiral,skirmish,p1,p1,3865,47,8,5
g-campo,1063,espiral,skirmish,p2,p1,3782,48,6,7
g-campo,1064,sector-01,complete,p1,p1,8156,35,10,2
g-campo,1064,sector-01,complete,p2,p1,8141,28,8,4
g-campo,1065,sector-01,skirmish,p1,p2,3509,45,6,6
g-campo,1065,sector-01,skirmish,p2,p1,4027,48,5,7
g-campo,1066,espiral,complete,p1,p1,9207,48,8,6
g-campo,1066,espiral,complete,p2,p1,8479,47,8,6
g-campo,1067,espiral,skirmish,p1,p2,3797,47,6,7
g-campo,1067,espiral,skirmish,p2,p2,3895,48,5,7
g-campo,1068,sector-01,complete,p1,p1,9818,46,8,4
g-campo,1068,sector-01,complete,p2,p1,8272,29,6,5
g-campo,1069,sector-01,skirmish,p1,p2,3517,44,5,7
g-campo,1069,sector-01,skirmish,p2,p2,4041,48,3,8
g-campo,1070,espiral,complete,p1,p1,8282,47,7,7
g-campo,1070,espiral,complete,p2,p2,8615,47,7,7
g-campo,1071,espiral,skirmish,p1,p2,4252,47,7,7
g-campo,1071,espiral,skirmish,p2,p2,3581,46,7,7
g-campo,1072,sector-01,complete,p1,p2,8377,48,5,7
g-campo,1072,sector-01,complete,p2,p2,9531,42,4,8
g-campo,1073,sector-01,skirmish,p1,p1,3929,48,5,7
g-campo,1073,sector-01,skirmish,p2,p2,4193,45,6,6
g-campo,1074,espiral,complete,p1,p2,8591,48,3,11
g-campo,1074,espiral,complete,p2,p2,10119,48,5,9
g-campo,1075,espiral,skirmish,p1,p2,3863,48,6,6
g-campo,1075,espiral,skirmish,p2,p2,4181,48,6,6
g-campo,1076,sector-01,complete,p1,p2,8215,26,2,10
g-campo,1076,sector-01,complete,p2,p2,8337,36,4,8
g-campo,1077,sector-01,skirmish,p1,p1,3526,47,6,6
g-campo,1077,sector-01,skirmish,p2,p2,3717,47,5,7
g-campo,1078,espiral,complete,p1,p2,9267,47,7,7
g-campo,1078,espiral,complete,p2,p2,8809,48,7,7
g-campo,1079,espiral,skirmish,p1,p2,3879,48,5,6
g-campo,1079,espiral,skirmish,p2,p2,3893,48,6,6
g-campo,1080,sector-01,complete,p1,p1,8461,46,7,5
g-campo,1080,sector-01,complete,p2,p1,9509,48,6,6
g-campo,1081,sector-01,skirmish,p1,p2,3517,44,5,7
g-campo,1081,sector-01,skirmish,p2,p2,4041,48,3,8
g-campo,1082,espiral,complete,p1,p1,8543,48,9,5
g-campo,1082,espiral,complete,p2,p1,8803,48,6,8
g-campo,1083,espiral,skirmish,p1,p2,3608,47,7,6
g-campo,1083,espiral,skirmish,p2,p1,4321,47,7,6
g-campo,1084,sector-01,complete,p1,p1,8157,28,10,1
g-campo,1084,sector-01,complete,p2,p1,8221,31,8,4
g-campo,1085,sector-01,skirmish,p1,p1,3526,47,6,6
g-campo,1085,sector-01,skirmish,p2,p2,3717,47,5,7
g-campo,1086,espiral,complete,p1,p1,8607,47,6,8
g-campo,1086,espiral,complete,p2,p1,8559,46,8,6
g-campo,1087,espiral,skirmish,p1,p1,3840,48,7,6
g-campo,1087,espiral,skirmish,p2,p2,3707,47,7,6
g-campo,1088,sector-01,complete,p1,p2,8601,48,4,8
g-campo,1088,sector-01,complete,p2,p2,9598,40,3,8
g-campo,1089,sector-01,skirmish,p1,p2,4836,47,6,6
g-campo,1089,sector-01,skirmish,p2,p1,4800,47,7,4
g-campo,1090,espiral,complete,p1,p1,8521,36,12,2
g-campo,1090,espiral,complete,p2,p2,8609,48,7,7
g-campo,1091,espiral,skirmish,p1,p1,4131,48,6,7
g-campo,1091,espiral,skirmish,p2,p1,4800,48,7,6
g-campo,1092,sector-01,complete,p1,p1,8135,47,7,4
g-campo,1092,sector-01,complete,p2,p2,8365,48,6,6
g-campo,1093,sector-01,skirmish,p1,p1,3479,46,6,6
g-campo,1093,sector-01,skirmish,p2,p1,4703,47,6,6
g-campo,1094,espiral,complete,p1,p1,8789,47,11,3
g-campo,1094,espiral,complete,p2,p1,8531,48,9,5
g-campo,1095,espiral,skirmish,p1,p2,3691,48,6,6
g-campo,1095,espiral,skirmish,p2,p1,3791,48,7,5
g-campo,1096,sector-01,complete,p1,p1,8156,35,10,2
g-campo,1096,sector-01,complete,p2,p1,8141,28,8,4
g-campo,1097,sector-01,skirmish,p1,p1,3521,42,7,5
g-campo,1097,sector-01,skirmish,p2,p1,4800,46,6,6
g-campo,1098,espiral,complete,p1,p2,8263,42,4,10
g-campo,1098,espiral,complete,p2,p2,8478,47,5,9
g-campo,1099,espiral,skirmish,p1,p2,4009,47,5,7
g-campo,1099,espiral,skirmish,p2,p2,3951,48,6,6
s-nanorep,1000,sector-01,complete,p1,p1,8131,36,9,3
s-nanorep,1000,sector-01,complete,p2,p2,8161,27,3,9
s-nanorep,1001,sector-01,skirmish,p1,p1,3855,48,6,6
s-nanorep,1001,sector-01,skirmish,p2,p1,3689,48,5,7
s-nanorep,1002,espiral,complete,p1,p1,9707,48,8,6
s-nanorep,1002,espiral,complete,p2,p1,8715,48,9,5
s-nanorep,1003,espiral,skirmish,p1,p1,3941,48,8,5
s-nanorep,1003,espiral,skirmish,p2,p2,3868,47,7,7
s-nanorep,1004,sector-01,complete,p1,p1,8131,36,9,3
s-nanorep,1004,sector-01,complete,p2,p2,8161,27,3,9
s-nanorep,1005,sector-01,skirmish,p1,p2,3503,46,4,8
s-nanorep,1005,sector-01,skirmish,p2,p1,3962,47,3,9
s-nanorep,1006,espiral,complete,p1,p1,8305,48,8,6
s-nanorep,1006,espiral,complete,p2,p2,8427,47,9,5
s-nanorep,1007,espiral,skirmish,p1,p2,3755,47,5,8
s-nanorep,1007,espiral,skirmish,p2,p2,3912,48,4,7
s-nanorep,1008,sector-01,complete,p1,p2,8384,36,7,5
s-nanorep,1008,sector-01,complete,p2,p2,10686,33,5,7
s-nanorep,1009,sector-01,skirmish,p1,p2,4824,44,6,6
s-nanorep,1009,sector-01,skirmish,p2,p1,3675,48,5,7
s-nanorep,1010,espiral,complete,p1,p2,8339,47,4,10
s-nanorep,1010,espiral,complete,p2,p2,8425,47,4,10
s-nanorep,1011,espiral,skirmish,p1,p2,3891,48,6,7
s-nanorep,1011,espiral,skirmish,p2,p2,3822,48,5,8
s-nanorep,1012,sector-01,complete,p1,p2,9856,44,4,8
s-nanorep,1012,sector-01,complete,p2,p2,9360,47,5,7
s-nanorep,1013,sector-01,skirmish,p1,p1,4816,44,6,6
s-nanorep,1013,sector-01,skirmish,p2,p2,4800,47,5,7
s-nanorep,1014,espiral,complete,p1,p1,8535,47,4,7
s-nanorep,1014,espiral,complete,p2,p1,8631,48,7,7
s-nanorep,1015,espiral,skirmish,p1,p2,3801,46,5,8
s-nanorep,1015,espiral,skirmish,p2,p2,3988,46,5,6
s-nanorep,1016,sector-01,complete,p1,p2,8373,38,5,7
s-nanorep,1016,sector-01,complete,p2,p1,8599,32,9,3
s-nanorep,1017,sector-01,skirmish,p1,p2,4787,48,7,5
s-nanorep,1017,sector-01,skirmish,p2,p2,4165,47,5,7
s-nanorep,1018,espiral,complete,p1,p2,8843,47,6,8
s-nanorep,1018,espiral,complete,p2,p1,9858,47,8,6
s-nanorep,1019,espiral,skirmish,p1,p1,4032,47,7,6
s-nanorep,1019,espiral,skirmish,p2,p2,4627,48,7,6
s-nanorep,1020,sector-01,complete,p1,p1,8131,36,9,3
s-nanorep,1020,sector-01,complete,p2,p2,8161,27,3,9
s-nanorep,1021,sector-01,skirmish,p1,p1,3547,41,7,5
s-nanorep,1021,sector-01,skirmish,p2,p1,3600,48,6,6
s-nanorep,1022,espiral,complete,p1,p1,8674,47,6,8
s-nanorep,1022,espiral,complete,p2,p2,8779,45,4,10
s-nanorep,1023,espiral,skirmish,p1,p2,3896,47,7,7
s-nanorep,1023,espiral,skirmish,p2,p2,3593,48,6,7
s-nanorep,1024,sector-01,complete,p1,p2,9497,36,5,7
s-nanorep,1024,sector-01,complete,p2,p1,8380,39,8,4
s-nanorep,1025,sector-01,skirmish,p1,p2,3538,44,5,7
s-nanorep,1025,sector-01,skirmish,p2,p1,3704,45,8,4
s-nanorep,1026,espiral,complete,p1,p1,8527,48,8,6
s-nanorep,1026,espiral,complete,p2,p1,8553,46,8,6
s-nanorep,1027,espiral,skirmish,p1,p1,3903,48,4,7
s-nanorep,1027,espiral,skirmish,p2,p2,4095,48,4,8
s-nanorep,1028,sector-01,complete,p1,p2,10129,33,6,6
s-nanorep,1028,sector-01,complete,p2,p1,8197,29,7,3
s-nanorep,1029,sector-01,skirmish,p1,p2,3538,44,5,7
s-nanorep,1029,sector-01,skirmish,p2,p1,3704,45,8,4
s-nanorep,1030,espiral,complete,p1,p2,8315,47,6,8
s-nanorep,1030,espiral,complete,p2,p2,8643,47,6,8
s-nanorep,1031,espiral,skirmish,p1,p2,4193,45,6,8
s-nanorep,1031,espiral,skirmish,p2,p2,3979,48,6,8
s-nanorep,1032,sector-01,complete,p1,p1,8225,28,8,3
s-nanorep,1032,sector-01,complete,p2,p1,8141,32,9,3
s-nanorep,1033,sector-01,skirmish,p1,p2,4787,48,7,5
s-nanorep,1033,sector-01,skirmish,p2,p2,4165,47,5,7
s-nanorep,1034,espiral,complete,p1,p2,8233,47,6,8
s-nanorep,1034,espiral,complete,p2,p2,10935,48,8,6
s-nanorep,1035,espiral,skirmish,p1,p2,3833,47,6,8
s-nanorep,1035,espiral,skirmish,p2,p1,4659,48,6,8
s-nanorep,1036,sector-01,complete,p1,p1,9511,38,7,5
s-nanorep,1036,sector-01,complete,p2,p2,8374,31,4,8
s-nanorep,1037,sector-01,skirmish,p1,p2,3985,48,8,4
s-nanorep,1037,sector-01,skirmish,p2,p1,3517,47,7,4
s-nanorep,1038,espiral,complete,p1,p1,9159,45,10,4
s-nanorep,1038,espiral,complete,p2,p1,8464,36,11,3
s-nanorep,1039,espiral,skirmish,p1,p1,4049,48,8,5
s-nanorep,1039,espiral,skirmish,p2,p2,3833,47,6,7
s-nanorep,1040,sector-01,complete,p1,p2,9972,48,7,5
s-nanorep,1040,sector-01,complete,p2,p1,8341,34,7,5
s-nanorep,1041,sector-01,skirmish,p1,p1,4161,46,6,6
s-nanorep,1041,sector-01,skirmish,p2,p1,3482,45,8,4
s-nanorep,1042,espiral,complete,p1,p1,9421,48,4,10
s-nanorep,1042,espiral,complete,p2,p2,8159,47,7,7
s-nanorep,1043,espiral,skirmish,p1,p2,3821,48,6,7
s-nanorep,1043,espiral,skirmish,p2,p1,3525,48,6,7
s-nanorep,1044,sector-01,complete,p1,p1,8183,36,8,4
s-nanorep,1044,sector-01,complete,p2,p2,8447,41,5,6
s-nanorep,1045,sector-01,skirmish,p1,p1,3926,46,6,6
s-nanorep,1045,sector-01,skirmish,p2,p2,3504,43,6,6
s-nanorep,1046,espiral,complete,p1,p1,9859,47,4,10
s-nanorep,1046,espiral,complete,p2,p2,8657,46,6,8
s-nanorep,1047,espiral,skirmish,p1,p1,3555,48,8,5
s-nanorep,1047,espiral,skirmish,p2,p1,3565,47,9,5
s-nanorep,1048,sector-01,complete,p1,p2,9972,48,7,5
s-nanorep,1048,sector-01,complete,p2,p1,8341,34,7,5
s-nanorep,1049,sector-01,skirmish,p1,p1,4816,44,6,6
s-nanorep,1049,sector-01,skirmish,p2,p2,4800,47,5,7
s-nanorep,1050,espiral,complete,p1,p2,8581,40,3,11
s-nanorep,1050,espiral,complete,p2,p1,8902,48,6,8
s-nanorep,1051,espiral,skirmish,p1,p2,4251,48,6,5
s-nanorep,1051,espiral,skirmish,p2,p2,3996,46,4,9
s-nanorep,1052,sector-01,complete,p1,p2,9856,44,4,8
s-nanorep,1052,sector-01,complete,p2,p2,9360,47,5,7
s-nanorep,1053,sector-01,skirmish,p1,p2,4523,47,6,6
s-nanorep,1053,sector-01,skirmish,p2,p1,3844,47,5,7
s-nanorep,1054,espiral,complete,p1,p1,9123,48,5,6
s-nanorep,1054,espiral,complete,p2,p1,8329,48,8,6
s-nanorep,1055,espiral,skirmish,p1,p1,4069,48,8,4
s-nanorep,1055,espiral,skirmish,p2,p2,3699,47,6,7
s-nanorep,1056,sector-01,complete,p1,p2,9856,44,4,8
s-nanorep,1056,sector-01,complete,p2,p2,9360,47,5,7
s-nanorep,1057,sector-01,skirmish,p1,p2,3985,48,8,4
s-nanorep,1057,sector-01,skirmish,p2,p1,3517,47,7,4
s-nanorep,1058,espiral,complete,p1,p2,8651,48,6,8
s-nanorep,1058,espiral,complete,p2,p2,9617,48,8,6
s-nanorep,1059,espiral,skirmish,p1,p1,3646,48,7,6
s-nanorep,1059,espiral,skirmish,p2,p1,3675,48,9,4
s-nanorep,1060,sector-01,complete,p1,p1,8163,32,8,4
s-nanorep,1060,sector-01,complete,p2,p2,8151,48,6,6
s-nanorep,1061,sector-01,skirmish,p1,p1,3489,47,9,3
s-nanorep,1061,sector-01,skirmish,p2,p1,4677,46,6,5
s-nanorep,1062,espiral,complete,p1,p2,12000,48,5,9
s-nanorep,1062,espiral,complete,p2,p1,8489,48,6,8
s-nanorep,1063,espiral,skirmish,p1,p1,3744,47,7,5
s-nanorep,1063,espiral,skirmish,p2,p2,4147,47,7,7
s-nanorep,1064,sector-01,complete,p1,p2,9255,33,5,7
s-nanorep,1064,sector-01,complete,p2,p2,9523,46,6,6
s-nanorep,1065,sector-01,skirmish,p1,p1,3482,47,6,6
s-nanorep,1065,sector-01,skirmish,p2,p1,3515,48,8,4
s-nanorep,1066,espiral,complete,p1,p1,9853,47,8,6
s-nanorep,1066,espiral,complete,p2,p2,8315,48,4,10
s-nanorep,1067,espiral,skirmish,p1,p2,3763,48,4,8
s-nanorep,1067,espiral,skirmish,p2,p1,4396,46,5,8
s-nanorep,1068,sector-01,complete,p1,p1,8225,28,8,3
s-nanorep,1068,sector-01,complete,p2,p1,8141,32,9,3
s-nanorep,1069,sector-01,skirmish,p1,p2,3926,48,7,5
s-nanorep,1069,sector-01,skirmish,p2,p1,3495,48,7,5
s-nanorep,1070,espiral,complete,p1,p1,8339,48,10,4
s-nanorep,1070,espiral,complete,p2,p1,8461,43,10,4
s-nanorep,1071,espiral,skirmish,p1,p2,3653,48,7,7
s-nanorep,1071,espiral,skirmish,p2,p1,4645,47,7,7
s-nanorep,1072,sector-01,complete,p1,p2,9856,44,4,8
s-nanorep,1072,sector-01,complete,p2,p2,9360,47,5,7
s-nanorep,1073,sector-01,skirmish,p1,p2,3929,45,8,4
s-nanorep,1073,sector-01,skirmish,p2,p2,3868,46,7,4
s-nanorep,1074,espiral,complete,p1,p2,9555,47,6,8
s-nanorep,1074,espiral,complete,p2,p1,8459,48,5,9
s-nanorep,1075,espiral,skirmish,p1,p1,3530,48,3,8
s-nanorep,1075,espiral,skirmish,p2,p1,4219,48,6,7
s-nanorep,1076,sector-01,complete,p1,p1,8145,36,10,2
s-nanorep,1076,sector-01,complete,p2,p1,9363,48,6,6
s-nanorep,1077,sector-01,skirmish,p1,p2,3473,39,6,6
s-nanorep,1077,sector-01,skirmish,p2,p1,3518,42,6,6
s-nanorep,1078,espiral,complete,p1,p2,8673,47,7,7
s-nanorep,1078,espiral,complete,p2,p1,8439,48,7,7
s-nanorep,1079,espiral,skirmish,p1,p2,3644,48,6,7
s-nanorep,1079,espiral,skirmish,p2,p1,3785,47,6,6
s-nanorep,1080,sector-01,complete,p1,p2,10129,33,6,6
s-nanorep,1080,sector-01,complete,p2,p1,8197,29,7,3
s-nanorep,1081,sector-01,skirmish,p1,p2,3926,48,7,5
s-nanorep,1081,sector-01,skirmish,p2,p1,3495,48,7,5
s-nanorep,1082,espiral,complete,p1,p2,8495,46,4,10
s-nanorep,1082,espiral,complete,p2,p2,8543,48,7,7
s-nanorep,1083,espiral,skirmish,p1,p1,3761,48,6,6
s-nanorep,1083,espiral,skirmish,p2,p1,3943,46,6,5
s-nanorep,1084,sector-01,complete,p1,p1,8163,32,8,4
s-nanorep,1084,sector-01,complete,p2,p2,8151,48,6,6
s-nanorep,1085,sector-01,skirmish,p1,p2,3473,39,6,6
s-nanorep,1085,sector-01,skirmish,p2,p1,3518,42,6,6
s-nanorep,1086,espiral,complete,p1,p1,4156,24,13,1
s-nanorep,1086,espiral,complete,p2,p1,8452,47,8,6
s-nanorep,1087,espiral,skirmish,p1,p1,3681,48,6,7
s-nanorep,1087,espiral,skirmish,p2,p2,3981,48,6,6
s-nanorep,1088,sector-01,complete,p1,p2,9139,46,9,3
s-nanorep,1088,sector-01,complete,p2,p1,9271,42,5,5
s-nanorep,1089,sector-01,skirmish,p1,p2,4041,48,5,7
s-nanorep,1089,sector-01,skirmish,p2,p2,3803,47,5,7
s-nanorep,1090,espiral,complete,p1,p2,11421,48,9,5
s-nanorep,1090,espiral,complete,p2,p2,8321,48,8,6
s-nanorep,1091,espiral,skirmish,p1,p2,4271,46,6,8
s-nanorep,1091,espiral,skirmish,p2,p2,3873,48,5,7
s-nanorep,1092,sector-01,complete,p1,p2,8179,33,3,9
s-nanorep,1092,sector-01,complete,p2,p2,8500,34,5,7
s-nanorep,1093,sector-01,skirmish,p1,p1,3578,47,5,7
s-nanorep,1093,sector-01,skirmish,p2,p1,3751,48,6,6
s-nanorep,1094,espiral,complete,p1,p1,8441,43,8,6
s-nanorep,1094,espiral,complete,p2,p1,8387,48,9,5
s-nanorep,1095,espiral,skirmish,p1,p1,3542,48,8,5
s-nanorep,1095,espiral,skirmish,p2,p1,3727,48,5,7
s-nanorep,1096,sector-01,complete,p1,p2,9255,33,5,7
s-nanorep,1096,sector-01,complete,p2,p2,9523,46,6,6
s-nanorep,1097,sector-01,skirmish,p1,p2,4523,47,6,6
s-nanorep,1097,sector-01,skirmish,p2,p1,3844,47,5,7
s-nanorep,1098,espiral,complete,p1,p2,8421,44,2,12
s-nanorep,1098,espiral,complete,p2,p2,8361,46,3,11
s-nanorep,1099,espiral,skirmish,p1,p2,3755,48,7,7
s-nanorep,1099,espiral,skirmish,p2,p1,3561,47,6,7
